id,town,postcode,2014_ct,2015_ct,2016_ct
971,ABERDARE,CF44,0,1,0
971,ABERDEEN,AB23,1,0,0
971,ABERDEENSHIRE,AB42,0,0,1
971,ABERGAVENNY,NP7,1,0,0
971,ABERTILLERY,NP13,1,1,0
971,AIRDRIE,ML6,1,0,0
971,ALDERSHOT,GU12,1,1,0
971,ALFRETON,DE55,1,0,0
971,ALPERTON,HA0,0,2,0
971,AMBLESIDE,LA22,0,1,0
971,AMESBURY,SP4,2,0,0
971,AMMANFORD,SA18,0,1,0
971,ANDOVER,SP10,1,1,0
971,ANDOVER,SP11,0,1,0
971,ARBROATH,DD11,0,1,0
971,ASCOT,SL5,0,1,0
971,ASHBURTON,TQ13,0,1,0
971,ASHBY DE LA ZOUCH,LE65,0,0,1
971,ASHFORD,TN24,1,1,0
971,AXBRIDGE,BS26,0,0,1
971,AYLESBURY,HP19,1,2,0
971,AYLESBURY,HP22,0,1,0
971,BALA,LL23,1,0,0
971,BALMEDIE,AB23,1,0,0
971,BANBURY,OX16,0,0,1
971,BANBURY,OX17,0,1,0
971,BARKING,IG11,0,0,1
971,BARMOUTH,LL42,2,0,0
971,BARNET,EN5,0,1,0
971,BARNSLEY,S70,0,1,0
971,BARNSLEY,S71,1,0,1
971,BARNSLEY,S72,2,0,0
971,BARROW IN FURNESS,LA14,1,1,0
971,BARRY,CF62,0,1,0
971,BARRY,CF63,1,1,1
971,BASILDON,SS15,0,0,1
971,BASINGSTOKE,RG24,0,0,1
971,BATH,BA2,0,1,0
971,BATHGATE,EH48,1,1,0
971,BATLEY,WF17,0,3,0
971,BEAMINSTER,DT8,0,0,1
971,BEDFORD,MK41,0,1,0
971,BEDFORD,MK42,1,1,0
971,BEDMOND,WD5,1,0,0
971,BEDS,LU5,1,2,2
971,BELLSHILL,ML4,0,0,1
971,BEVERLEY,HU17,0,1,0
971,BICESTER,OX26,1,1,0
971,BILSTON,WV14,1,0,0
971,BIRKENHEAD,CH41,2,0,0
971,BIRMINGHAM,B10,0,1,0
971,BIRMINGHAM,B11,1,0,0
971,BIRMINGHAM,B16,0,1,0
971,BIRMINGHAM,B18,0,1,0
971,BIRMINGHAM,B20,1,0,1
971,BIRMINGHAM,B21,1,4,0
971,BIRMINGHAM,B23,2,0,0
971,BIRMINGHAM,B24,1,2,0
971,BIRMINGHAM,B25,1,1,0
971,BIRMINGHAM,B27,0,0,1
971,BIRMINGHAM,B29,1,0,0
971,BIRMINGHAM,B30,0,1,0
971,BIRMINGHAM,B31,0,2,0
971,BIRMINGHAM,B33,0,0,1
971,BIRMINGHAM,B44,2,1,0
971,BIRMINGHAM,B5,0,1,2
971,BIRMINGHAM,B6,2,1,0
971,BIRMINGHAM,B7,2,1,0
971,BIRMINGHAM,B9,1,2,0
971,BIRSTALL,WF17,4,3,0
971,BISHOP AUCKLAND,DL14,1,0,0
971,BISHOPS STORTFORD,CM23,1,0,0
971,BLACKBURN,BB6,0,1,0
971,BLACKBURN,EH47,1,0,0
971,BLACKPOOL,FY4,0,2,2
971,BLACKPOOL,FY5,1,2,0
971,BLAYDON,NE21,0,0,1
971,BLYTH,NE24,1,2,0
971,BODMIN,PL30,0,1,1
971,BOGNOR REGIS,PO22,1,0,0
971,BOLTON,BL1,0,1,0
971,BOLTON,BL2,0,1,0
971,BOLTON,BL3,1,0,1
971,BOOTLE,L20,1,0,0
971,BOSTON,PE21,0,1,0
971,BOSTON,PE22,0,1,0
971,BOURNEMOUTH,BH1,0,0,1
971,BOURNEMOUTH,BH5,1,0,0
971,BOURNEMOUTH,BH9,0,0,1
971,BOVEY TRACEY,TQ13,1,0,0
971,BRACKNELL,RG12,3,0,0
971,BRADFORD,BD1,1,1,0
971,BRADFORD,BD10,1,0,0
971,BRADFORD,BD11,0,1,0
971,BRADFORD,BD12,0,1,0
971,BRADFORD,BD3,1,1,0
971,BRADFORD,BD4,1,2,0
971,BRADFORD,BD5,0,1,1
971,BRADFORD,BD7,1,0,0
971,BRAE,ZE2,0,1,0
971,BRAINTREE,CM7,0,0,1
971,BRANDON,IP27,0,0,1
971,BRIDGEND,CF33,0,1,0
971,BRIDGEND,CF35,1,0,0
971,BRIDGWATER,TA6,2,0,0
971,BRIDLINGTON,YO15,1,0,0
971,BRIDLINGTON,YO16,0,1,0
971,BRIDPORT,DT6,0,1,0
971,BRIERLEY HILL,DY5,0,1,1
971,BRIGHTON,BN1,0,1,0
971,BRISTOL,BS11,0,0,1
971,BRISTOL,BS13,0,1,0
971,BRISTOL,BS14,1,0,0
971,BRISTOL,BS16,0,1,0
971,BRISTOL,BS2,2,0,0
971,BRISTOL,BS20,1,0,0
971,BRISTOL,BS3,2,0,1
971,BRISTOL,BS30,0,1,0
971,BRISTOL,BS34,1,1,0
971,BRISTOL,BS36,0,0,1
971,BRISTOL,BS4,1,0,0
971,BRISTOL,BS5,0,1,0
971,BROMBOROUGH,CH62,1,0,0
971,BROMLEY,BR2,0,1,0
971,BROMSGROVE,B60,1,0,0
971,BROMYARD,HR7,0,0,1
971,BUCKINGHAM,MK18,1,0,0
971,BUCKLEY,CH7,0,1,0
971,BUDE,EX23,0,1,1
971,BURGESS HILL,RH15,1,0,0
971,BURNHAM ON SEA,TA8,1,0,0
971,BURSLEM,ST6,0,2,0
971,BURTON ON TRENT,DE14,1,0,0
971,BURY,BL9,0,2,0
971,BURY ST EDMUNDS,IP32,0,0,2
971,BY KYLE,IV40,0,1,0
971,CAERNARFON,LL54,0,1,0
971,CAERPHILLY,CF83,0,1,0
971,CALLINGTON,PL17,0,2,0
971,CAMBRIDGE,CB23,2,1,1
971,CAMBRIDGE,CB5,0,1,0
971,CANNING TOWN,E16,0,1,0
971,CANNOCK,WS11,2,1,0
971,CARDIFF,CF11,2,0,0
971,CARDIFF,CF14,0,1,0
971,CARDIFF,CF23,1,0,0
971,CARDIFF,CF24,2,0,3
971,CARLISLE,CA1,0,2,0
971,CARLISLE,CA3,1,0,0
971,CARNFORTH,LA5,0,0,1
971,CASTLE DOUGLAS,DG7,0,1,0
971,CASTLEFORD,WF10,0,1,0
971,CATFORD,SE6,1,0,0
971,CHADWELL HEATH,RM8,0,1,0
971,CHARD,TA20,0,0,1
971,CHARLTON,SE7,0,0,1
971,CHATHAM,ME5,1,0,0
971,CHEADLE,ST10,1,0,0
971,CHELMSFORD,CM1,1,1,0
971,CHELTENHAM,GL51,1,3,1
971,CHEPSTOW,NP16,1,0,0
971,CHERTSEY,KT16,0,2,1
971,CHESTER,CH1,0,1,0
971,CHESTER,CH2,0,0,1
971,CHESTER,CH4,1,1,0
971,CHESTER LE STREET,DH2,2,0,0
971,CHESTER LE STREET,DH3,0,1,0
971,CHESTERFIELD,S41,1,0,0
971,CHESTERFIELD,S42,0,4,1
971,CHIPPING NORTON,OX7,0,0,1
971,CHISLEHURST,BR7,1,0,0
971,CHOPPINGTON,NE62,0,1,0
971,CHORLEY,PR6,0,1,0
971,CHORLEY,PR7,0,1,0
971,CHRISTCHURCH,BH23,0,1,0
971,CHURCH CROOKHAM,GU52,0,0,1
971,CLEOBURY MORTIMER,DY14,0,1,0
971,CLITHEROE,BB7,0,0,1
971,COALVILLE,LE67,0,1,1
971,COBRIDGE,ST6,0,1,0
971,COLCHESTER,CO3,1,0,0
971,COLCHESTER,CO7,1,0,0
971,COLNE,BB8,1,0,0
971,CONNAHS QUAY,CH5,0,1,0
971,CONSETT,DH8,1,0,0
971,CORBY,NN17,1,0,1
971,CORBY,NN18,0,1,0
971,CORWEN,LL21,0,1,0
971,COUNTY DURHAM,DH2,0,0,1
971,COUNTY DURHAM,DH4,0,1,0
971,COVENTRY,CV2,0,1,1
971,COVENTRY,CV3,1,0,1
971,COVENTRY,CV6,0,3,0
971,COVENTRY,CV7,0,1,0
971,CRADLEY HEATH,B64,0,2,0
971,CRAMLINGTON,NE23,2,1,1
971,CRAVEN ARMS,SY7,0,2,0
971,CRAWLEY,RH10,0,1,1
971,CRAYFORD,DA1,0,0,1
971,CREDITON,EX17,0,1,0
971,CREWE,CW2,1,0,0
971,CREWE,CW4,0,0,1
971,CRIEFF,PH6,1,0,0
971,CROYDON,CR0,1,4,0
971,CWMBRAN,NP44,0,1,0
971,DALKEITH,EH22,0,1,0
971,DALRY,KA24,1,0,0
971,DARLASTON,WS10,0,1,0
971,DARLINGTON,DL1,0,1,0
971,DARLINGTON,DL3,0,1,0
971,DARTFORD,DA1,2,0,0
971,DERBY,DE21,0,2,0
971,DERBY,DE22,1,1,0
971,DERBY,DE23,0,1,0
971,DERBY,DE3,0,1,0
971,DERBY,DE55,1,0,0
971,DERBYSHIRE,DE11,2,0,0
971,DERBYSHIRE,DE65,1,0,0
971,DERBYSHIRE,S41,0,1,0
971,DEREHAM,NR19,0,1,0
971,DEWSBURY,WF12,1,0,0
971,DEWSBURY,WF13,0,2,2
971,DOLGELLAU,LL40,0,0,1
971,DONCASTER,DN1,1,0,0
971,DONCASTER,DN10,0,1,0
971,DONCASTER,DN11,1,0,0
971,DONCASTER,DN12,1,0,0
971,DONCASTER,DN3,1,1,0
971,DONCASTER,DN4,0,0,1
971,DONCASTER,DN5,0,1,0
971,DONCASTER,DN7,2,0,0
971,DORCHESTER,DT1,1,0,0
971,DORCHESTER,DT2,0,1,0
971,DOVER,CT16,0,1,0
971,DUDLEY,DY2,1,1,0
971,DULVERTON,TA22,0,0,1
971,DUMFRIES,DG1,0,1,0
971,DUNDEE,DD1,0,1,0
971,DUNSTABLE,LU5,0,0,2
971,DURHAM,DH1,1,1,0
971,DURHAM,DH6,0,2,0
971,DURHAM,DH7,1,0,0
971,DURSLEY,GL11,0,1,0
971,DYMOCK,GL18,1,0,0
971,EAST KILBRIDE,G74,1,0,0
971,EAST SUSSEX,TN38,2,0,0
971,EASTLEIGH,SO50,0,1,0
971,EBBW VALE,NP23,0,1,0
971,EDGWARE,HA8,0,1,0
971,EDINBURGH,EH11,2,0,0
971,EDINBURGH,EH15,0,1,1
971,EDINBURGH,EH30,0,1,0
971,EDINBURGH,EH4,0,0,1
971,EDINBURGH,EH6,2,1,0
971,EDINBURGH,EH7,0,1,0
971,ELLESMERE PORT,CH65,0,1,0
971,ELLESMERE PORT,CH66,0,0,1
971,EMSWORTH,PO10,0,1,0
971,ENFIELD,EN3,0,2,1
971,EPSOM,KT17,0,1,0
971,ERITH,DA8,0,4,0
971,EVESHAM,WR11,0,0,1
971,EXETER,EX2,2,1,0
971,EXETER,EX5,1,1,0
971,EYEMOUTH,TD14,0,1,0
971,FALKIRK,FK1,0,1,0
971,FALKIRK,FK2,1,0,0
971,FALMOUTH,TR11,1,0,0
971,FAREHAM,PO14,0,1,0
971,FAREHAM,PO16,1,0,0
971,FARINGDON,SN7,0,1,0
971,FELTHAM,TW13,0,0,1
971,FOREST GATE,E7,1,0,0
971,FORFAR,DD8,0,1,0
971,FRASERBURGH,AB43,0,0,1
971,GAINSBOROUGH,DN21,1,1,0
971,GATESHEAD,NE10,0,2,0
971,GATESHEAD,NE11,1,0,0
971,GLASGOW,G20,0,0,1
971,GLASGOW,G41,0,1,0
971,GLASGOW,G42,0,1,0
971,GLASGOW,G5,1,0,0
971,GLASGOW,G51,0,1,0
971,GLASGOW,G73,1,0,0
971,GLASGOW,G78,0,0,1
971,GLENROTHES,KY7,0,2,1
971,GLOUCESTER,GL19,0,1,0
971,GLOUCESTER,GL2,1,1,0
971,GLOUCESTER,GL4,0,1,0
971,GOSPORT,PO12,2,3,0
971,GRANGE OVER SANDS,LA11,0,1,0
971,GRANGEMOUTH,FK3,1,0,0
971,GRAVESEND,DA12,1,0,0
971,GREAT YARMOUTH,NR30,2,0,0
971,GREAT YARMOUTH,NR31,1,0,0
971,GREENFORD,UB6,1,2,0
971,GREENOCK,PA16,0,0,1
971,GRIMSBY,DN33,0,1,0
971,GUNNISLAKE,PL18,1,0,0
971,HAILSHAM,BN27,0,0,1
971,HAINAULT,IG6,2,0,1
971,HALESOWEN,B62,1,0,0
971,HALESOWEN,B63,0,0,1
971,HALIFAX,HX1,1,1,0
971,HALIFAX,HX4,1,0,0
971,HAMPTON,TW12,1,0,0
971,HANTS,SO32,1,2,0
971,HARLOW,CM19,0,2,2
971,HARPENDEN,AL5,0,2,0
971,HARROGATE,HG3,0,1,0
971,HARTLEPOOL,TS25,0,2,2
971,HAVANT,PO9,2,0,0
971,HAVERHILL,CB9,0,1,0
971,HAYES,UB3,1,2,2
971,HEANOR,DE75,0,1,0
971,HEDNESFORD,WS12,1,1,0
971,HENLEY ON THAMES,RG9,0,1,0
971,HEREFORD,HR1,2,1,0
971,HEREFORD,HR4,0,1,1
971,HERSHAM,KT12,1,0,0
971,HERTFORD,SG13,1,0,0
971,HEXHAM,NE47,0,1,0
971,HEYWOOD,OL10,1,0,0
971,HIGH BARNET,EN5,0,1,0
971,HIGH PEAK,SK13,1,0,0
971,HIGH WYCOMBE,HP10,0,0,1
971,HIGH WYCOMBE,HP11,0,5,0
971,HIGH WYCOMBE,HP12,0,1,1
971,HIGHBRIDGE,TA9,0,0,1
971,HINCKLEY,LE10,0,1,0
971,HITCHIN,SG4,0,0,1
971,HONITON,EX14,1,0,0
971,HOUGHTON LE SPRING,DH5,1,0,0
971,HOUNSLOW,TW3,0,0,1
971,HOUNSLOW,TW4,2,0,0
971,HUDDERSFIELD,HD1,0,1,0
971,HUDDERSFIELD,HD2,1,0,0
971,HUDDERSFIELD,HD4,1,0,0
971,HUDDESFIELD,HD5,0,1,0
971,HULL,HU13,1,0,0
971,HULL,HU3,0,2,0
971,HULL,HU5,1,0,0
971,HULL,HU8,4,2,0
971,HUNTINGDON,PE28,1,1,0
971,HYDE,SK14,0,1,0
971,ILKESTON,DE7,0,2,0
971,INVERGORDON,IV18,0,0,1
971,INVERNESS,IV1,0,1,0
971,INVERURIE,AB51,0,1,0
971,IPSWICH,IP1,2,0,1
971,IPSWICH,IP2,0,0,1
971,IPSWICH,IP3,1,0,1
971,IPSWICH,IP5,0,0,1
971,IPSWICH,IP7,0,1,0
971,IVER,SL0,2,0,0
971,KEADBY NR SCUNTHORPE,DN17,0,1,0
971,KEIGHLEY,BD20,2,1,0
971,KEIGHLEY,BD21,0,2,0
971,KESWICK,CA12,1,0,0
971,KETTERING,NN16,0,0,1
971,KIDDERMINSTER,DY10,1,0,0
971,KIDDERMINSTER,DY11,0,2,1
971,KILMARNOCK,KA3,0,1,0
971,KINGS LANGLEY,WD4,0,2,0
971,KINGS LYNN,PE30,0,1,0
971,KINGSWINFORD,DY6,1,1,0
971,KINMEL BAY,LL18,1,0,0
971,KIRRIEMUIR,DD8,0,1,0
971,KNOTTINGLEY,WF11,0,1,0
971,KNUTSFORD,WA16,1,1,0
971,LAUNCESTON,PL15,0,1,1
971,LEAMINGTON SPA,CV31,0,1,0
971,LEAMINGTON SPA,CV32,0,1,0
971,LEEDS,LS10,1,1,0
971,LEEDS,LS11,1,2,0
971,LEEDS,LS12,0,1,0
971,LEEDS,LS13,1,0,1
971,LEEDS,LS16,0,1,0
971,LEEDS,LS18,1,0,0
971,LEEDS,LS21,1,0,0
971,LEEDS,LS25,4,0,0
971,LEEDS,LS28,1,3,0
971,LEEDS,LS6,0,1,2
971,LEEDS,LS7,1,1,0
971,LEEDS,LS9,0,1,3
971,LEEK,ST13,1,1,0
971,LEICESTER,LE1,1,0,1
971,LEICESTER,LE19,1,0,0
971,LEICESTER,LE2,0,2,0
971,LEICESTER,LE3,3,1,0
971,LEICESTER,LE4,2,1,0
971,LEICESTER,LE5,0,0,1
971,LEICESTER,LE9,0,1,0
971,LETCHWORTH,SG6,0,2,0
971,LEVEN,KY8,1,0,0
971,LEYLAND,PR26,1,0,0
971,LEYTON,E10,1,1,2
971,LICHFIELD,DE13,0,0,1
971,LINCOLN,LN2,3,0,1
971,LINCOLN,LN3,0,0,1
971,LINCOLN,LN5,0,0,1
971,LINCOLN,LN6,2,1,0
971,LISKEARD,PL14,0,1,0
971,LIVERPOOL,L15,0,1,0
971,LIVERPOOL,L20,0,1,0
971,LIVERPOOL,L27,0,3,1
971,LIVERPOOL,L33,0,0,1
971,LIVERPOOL,L4,2,1,0
971,LIVERPOOL,L6,0,2,0
971,LIVERPOOL,L8,0,1,0
971,LIVERPOOL,L9,0,1,0
971,LIVINGSTON,EH54,0,0,1
971,LLANDRINDOD WELLS,LD1,0,0,1
971,LLANDUDNO,LL31,0,1,0
971,LLANDYSUL,SA44,0,1,1
971,LLANELLI,SA14,0,0,1
971,LLANRWST,LL26,1,0,0
971,LOANHEAD,EH20,4,6,0
971,LONDON,E11,1,0,0
971,LONDON,E13,1,0,0
971,LONDON,E14,3,0,0
971,LONDON,E16,2,1,0
971,LONDON,E17,1,1,2
971,LONDON,E6,1,2,0
971,LONDON,E7,0,2,0
971,LONDON,N15,4,0,0
971,LONDON,N16,0,1,0
971,LONDON,N17,1,1,0
971,LONDON,N18,1,0,0
971,LONDON,NW1,1,0,0
971,LONDON,NW10,0,3,3
971,LONDON,NW2,0,1,0
971,LONDON,NW6,1,0,0
971,LONDON,NW9,2,0,0
971,LONDON,SE15,0,0,1
971,LONDON,SE17,0,1,0
971,LONDON,SE18,0,1,0
971,LONDON,SE2,0,0,2
971,LONDON,SE26,1,0,0
971,LONDON,SE5,1,1,0
971,LONDON,SE7,1,1,0
971,LONDON,SW8,1,0,0
971,LONDON,W12,0,1,0
971,LONDON,W3,0,1,0
971,LONDON,W7,1,0,1
971,LONG EATON,NG10,1,0,0
971,LUTON,LU1,1,1,0
971,LUTON,LU4,0,0,1
971,LUTTERWORTH,LE17,4,0,0
971,LYDNEY,GL15,0,1,0
971,MABLETHORPE,LN12,0,0,1
971,MAIDSTONE,ME15,0,0,1
971,MAIDSTONE,ME17,1,0,1
971,MALVERN,WR13,1,0,0
971,MALVERN,WR14,0,1,0
971,MANCHESTER,M11,1,0,2
971,MANCHESTER,M12,1,1,0
971,MANCHESTER,M13,0,1,0
971,MANCHESTER,M14,0,0,2
971,MANCHESTER,M19,0,1,0
971,MANCHESTER,M22,0,1,0
971,MANCHESTER,M23,0,0,1
971,MANCHESTER,M24,0,1,0
971,MANCHESTER,M29,0,1,0
971,MANCHESTER,M30,0,1,0
971,MANCHESTER,M35,0,1,0
971,MANCHESTER,M46,0,0,1
971,MANSFIELD,NG18,0,4,3
971,MANSFIELD,NG19,0,0,1
971,MARKET DRAYTON,TF9,0,1,0
971,MARKET RASEN,LN8,0,1,0
971,MELTON MOWBRAY,LE14,0,2,0
971,MEXBOROUGH,S64,1,0,0
971,MIDDLESBROUGH,TS2,1,1,0
971,MIDDLESBROUGH,TS3,1,0,0
971,MIDDLESBROUGH,TS4,0,1,0
971,MIDDLESBROUGH,TS6,0,1,0
971,MIDDLEWICH,CW10,1,0,0
971,MILTON KEYNES,MK2,0,1,1
971,MILTON KEYNES,MK6,0,2,0
971,MILTON KEYNES,MK8,0,1,1
971,MINEHEAD,TA24,0,1,0
971,MITCHAM,CR4,0,1,0
971,MONTGOMERY,SY15,1,0,0
971,MONTROSE,DD10,1,0,0
971,MORDEN,SM4,2,0,0
971,MORECAMBE,LA3,1,1,0
971,MORETON IN MARSH,GL56,0,1,0
971,MOTHERWELL,ML1,0,1,0
971,NEATH,SA10,0,2,0
971,NELSON,BB9,0,1,0
971,NELSON,CF46,1,0,0
971,NEW BARNET,EN4,0,1,0
971,NEWARK,NG22,1,0,0
971,NEWARK,NG24,0,1,0
971,NEWBURY,RG20,0,0,1
971,NEWCASTLE,NE15,0,0,1
971,NEWCASTLE,ST5,0,1,0
971,NEWCASTLE UNDER LYME,ST5,1,1,0
971,NEWCASTLE UPON TYNE,NE27,0,0,1
971,NEWCASTLE UPON TYNE,NE4,0,1,0
971,NEWHAVEN,BN9,1,0,0
971,NEWPORT,NP19,1,0,1
971,NEWPORT,NP20,0,1,0
971,NEWQUAY,TR7,0,1,0
971,NEWTON AYCLIFFE,DL5,0,1,0
971,NEWTON LE WILLOWS,WA12,1,0,0
971,NEWTOWN,SY16,1,0,1
971,NORTH BADDESLEY,SO52,0,1,0
971,NORTHALLERTON,DL6,0,1,0
971,NORTHALLERTON,DL7,1,0,0
971,NORTHAMPTON,NN2,0,1,0
971,NORTHAMPTON,NN4,1,0,1
971,NORTHAMPTON,NN5,0,3,0
971,NORTHAMPTON,NN7,0,1,0
971,NORTHANTS,NN16,1,0,0
971,NORTHWICH,CW9,1,0,0
971,NORWICH,NR10,0,0,2
971,NORWICH,NR13,1,0,0
971,NORWICH,NR5,0,0,1
971,NORWICH,NR6,1,0,1
971,NORWICH,NR7,0,2,0
971,NOTTINGHAM,NG16,0,1,0
971,NOTTINGHAM,NG17,1,0,0
971,NOTTINGHAM,NG19,1,0,0
971,NOTTINGHAM,NG2,0,2,0
971,NOTTINGHAM,NG4,1,0,0
971,NOTTINGHAM,NG5,0,1,1
971,NOTTINGHAM,NG6,2,3,0
971,NOTTINGHAM,NG7,0,2,0
971,NOTTINGHAM,NG9,1,0,1
971,NR FAVERSHAM,ME13,1,0,0
971,NUNEATON,CV11,1,1,0
971,OAKHAM,LE15,1,0,0
971,OLD COULSDON,CR5,1,0,0
971,OLDBURY,B69,0,1,0
971,OLDHAM,OL2,0,3,0
971,OLDHAM,OL8,0,1,0
971,OLDHAM,OL9,0,1,0
971,ORPINGTON,BR6,0,1,0
971,OTLEY,LS21,0,1,0
971,OXFORD,OX29,1,0,0
971,OXFORD,OX5,1,1,0
971,PADDOCK WOOD,TN12,0,1,0
971,PADIHAM,BB12,0,1,0
971,PAIGNTON,TQ3,0,1,0
971,PENRYN,TR10,1,0,0
971,PENZANCE,TR20,0,1,0
971,PERSHORE,WR10,2,3,0
971,PERTH,PH1,1,1,1
971,PETERBOROUGH,PE1,1,5,0
971,PETERHEAD,AB42,1,0,0
971,PLYMOUTH,PL4,0,0,2
971,PLYMOUTH,PL7,0,0,2
971,PONTEFRACT,WF8,0,2,2
971,PONTEFRACT,WF9,0,0,1
971,PONTYPRIDD,CF37,0,0,1
971,POOLE,BH14,0,0,1
971,POOLE,BH16,1,1,0
971,PORT TALBOT,SA12,1,0,0
971,PORTSMOUTH,PO4,0,1,0
971,POULTON LE FYLDE,FY6,2,0,0
971,PRESTATYN,LL19,1,0,0
971,PRESTON,PR1,2,1,1
971,PRESTON,PR2,1,1,0
971,PRESTONPANS,EH32,1,0,0
971,QUEENSFERRY,CH5,2,0,0
971,RAINHAM,RM13,0,0,1
971,RAWTENSTALL,BB4,0,1,0
971,READING,RG1,1,0,0
971,READING,RG2,0,1,1
971,READING,RG31,2,0,0
971,REDBOURN,AL3,0,0,1
971,REDCAR,TS11,1,0,0
971,REDDITCH,B98,4,0,0
971,REDHILL,RH1,1,0,0
971,REDRUTH,TR15,0,1,1
971,REDRUTH,TR16,0,1,0
971,RETFORD,DN22,0,1,0
971,RHUDDLAN,LL18,1,0,0
971,RICHMOND,DL10,0,1,0
971,"RICHMOND, NORTH YORKSHIRE",DL10,1,0,0
971,ROCHDALE,OL11,0,1,1
971,ROCHDALE,OL16,1,1,1
971,ROMFORD,RM3,1,0,0
971,ROMFORD,RM6,0,2,0
971,ROMFORD,RM7,1,0,0
971,ROMSEY,SO51,0,1,0
971,ROSSENDALE,BB4,0,1,0
971,ROTHERHAM,S60,1,0,0
971,ROTHERHAM,S63,0,0,1
971,ROTHERHAM,S66,0,1,0
971,RUGBY,CV21,1,1,1
971,RUGELEY,WS15,0,1,0
971,RUNCORN,WA7,1,0,0
971,RUSHDEN,NN10,1,1,0
971,RUTHIN,LL15,0,1,0
971,RUTLAND,LE15,0,1,0
971,SALISBURY,SP4,1,1,0
971,SALISBURY,SP5,1,1,0
971,SALTASH,PL12,0,1,0
971,SANDY,SG19,0,0,1
971,SAXMUNDHAM,IP17,0,2,0
971,SCARBOROUGH,YO12,1,2,1
971,SCARBOROUGH,YO13,0,0,1
971,SCUNTHORPE,DN15,2,0,0
971,SCUNTHORPE,DN17,0,2,0
971,SEATON,EX12,1,0,0
971,SEDBERGH,LA10,0,1,0
971,SELBY,YO8,1,0,1
971,SHAFTESBURY,SP7,1,0,0
971,SHEFFIELD,S11,0,2,0
971,SHEFFIELD,S18,0,1,1
971,SHEFFIELD,S2,1,0,0
971,SHEFFIELD,S25,1,1,0
971,SHEFFIELD,S26,2,0,0
971,SHEFFIELD,S3,1,0,1
971,SHEFFIELD,S4,1,1,1
971,SHEFFIELD,S6,1,0,0
971,SHEPTON MALLET,BA4,1,0,0
971,SHERBORNE,DT9,0,2,0
971,SHIPLEY,BD18,1,1,0
971,SHREWSBURY,SY1,1,1,2
971,SHREWSBURY,SY4,1,0,0
971,Sittingbourne,ME9,0,1,0
971,SKIPTON,BD23,0,1,0
971,SLEAFORD,NG34,0,1,2
971,SLOUGH,SL1,1,1,0
971,SLOUGH,SL3,1,0,1
971,SMETHWICK,B66,1,2,0
971,SOLIHULL,B93,0,1,0
971,SOLIHULL,B94,0,1,0
971,SOMERSET,BA4,1,0,0
971,SOUTH HARROW,HA2,1,0,0
971,SOUTH SHIELDS,NE33,0,1,1
971,SOUTHALL,UB1,0,0,2
971,SOUTHALL,UB2,1,0,0
971,SOUTHAMPTON,SO14,0,0,1
971,SOUTHAMPTON,SO15,0,1,0
971,SOUTHAMPTON,SO53,1,0,0
971,SOUTHEND ON SEA,SS1,0,0,1
971,SOUTHEND ON SEA,SS2,0,0,3
971,SOUTHPORT,PR8,1,1,0
971,SOUTHPORT,PR9,1,0,0
971,SOUTHWELL,NG25,1,1,0
971,SOWERBY BRIDGE,HX6,1,0,0
971,SPALDING,PE11,1,0,0
971,SPALDING,PE12,1,1,0
971,ST AGNES,TR5,1,0,1
971,ST ALBANS,AL4,0,1,0
971,ST ASAPH,LL17,1,1,0
971,ST AUSTELL,PL25,0,2,0
971,ST COLUMB,TR9,1,0,0
971,ST HELENS,WA9,1,0,0
971,ST IVES,PE28,0,0,1
971,ST NEOTS,PE19,0,1,0
971,STAFFORD,ST16,2,0,0
971,STAFFORD,ST17,1,0,0
971,STAFFORD,ST18,0,2,0
971,STAPLEHURST,TN12,0,1,0
971,STIRLING,FK7,1,0,0
971,STOCKPORT,SK2,0,1,0
971,STOCKPORT,SK4,0,1,0
971,STOCKPORT,SK5,1,0,0
971,STOCKTON,TS18,0,1,0
971,STOCKTON-ON-TEES,TS18,0,0,1
971,STOKE ON TRENT,ST1,1,0,1
971,STOKE ON TRENT,ST3,6,2,1
971,STOKE ON TRENT,ST4,1,1,2
971,STOKE ON TRENT,ST6,3,2,0
971,STOKE ON TRENT,ST7,2,0,0
971,STONEYBURN,EH47,0,1,0
971,STOURBRIDGE,DY8,1,1,0
971,STOURBRIDGE,DY9,2,0,0
971,STOURPORT ON SEVERN,DY13,0,0,1
971,STRATFORD UPON AVON,CV37,1,0,0
971,STROOD,ME2,0,0,1
971,STROUD,GL5,1,2,0
971,STURMINSTER NEWTON,DT10,0,1,0
971,SUDBURY,CO10,1,2,0
971,SUNBURY ON THAMES,TW16,1,0,0
971,SUNDERLAND,SR2,1,0,0
971,SUNDERLAND,SR5,1,0,0
971,SUTTON,SM3,0,1,0
971,SUTTON COLDFIELD,B76,1,0,0
971,SUTTON IN ASHFIELD,NG17,1,0,0
971,SWADLINCOTE,DE11,1,0,0
971,SWANSEA,SA1,0,1,1
971,SWANSEA,SA4,0,2,0
971,SWANSEA,SA6,0,1,0
971,SWANSEA,SA7,0,1,0
971,Swindon,SN1,0,4,0
971,SWINDON,SN2,1,1,0
971,SWINDON,SN5,0,1,0
971,SWINDON,SN6,0,1,1
971,TAMWORTH,B77,0,0,1
971,TAUNTON,TA1,0,0,1
971,TAUNTON,TA2,1,0,0
971,TELFORD,TF2,0,0,2
971,TELFORD,TF7,2,3,0
971,TEWKESBURY,GL20,2,0,0
971,THETFORD,IP24,2,1,0
971,TIDWORTH,SP9,0,1,0
971,TIPTON,DY4,1,1,0
971,TIVERTON,EX16,2,0,0
971,TONYPANDY,CF40,1,0,1
971,TOTNES,TQ9,0,2,0
971,TOTTENHAM,N17,2,0,0
971,TREORCHY,CF42,1,0,0
971,TRURO,TR4,0,0,1
971,TUNBRIDGE WELLS,TN1,0,1,0
971,TUNBRIDGE WELLS,TN2,1,0,0
971,TYNE & WEAR,NE28,1,0,0
971,UCKFIELD,TN22,2,0,0
971,UPHOLLAND,WN8,0,1,0
971,UTTOXETER,ST14,0,1,0
971,WADHURST EAST SUSSEX,TN5,1,0,0
971,WAKEFIELD,WF1,0,1,0
971,WAKEFIELD,WF2,1,2,0
971,WALLASEY,CH41,0,1,0
971,WALLINGFORD,OX10,0,0,1
971,WALLINGTON,SM6,0,1,0
971,WALLSEND,NE28,0,2,0
971,WALSALL,WS1,0,1,0
971,WALSALL,WS8,1,0,0
971,WALSALL WOOD,WS9,0,1,0
971,WALTHAMSTOW,E17,1,0,1
971,WANTAGE,OX12,1,0,0
971,WARLEY,B66,0,1,0
971,WARRINGTON,WA1,0,1,0
971,WARWICK,CV8,0,0,1
971,WATERINGBURY,ME18,1,0,0
971,WATFORD,WD24,0,1,0
971,WEDNESBURY,WS10,2,1,0
971,WELLINGBOROUGH,NN8,1,0,0
971,WELLINGBOROUGH,NN9,1,1,0
971,WELLS,BA5,0,1,0
971,WEMBLEY,HA0,1,0,0
971,WEMBLEY,HA9,0,1,0
971,WEST BROMWICH,B70,4,1,0
971,WESTON SUPER MARE,BS23,1,1,0
971,WESTON SUPER MARE,BS24,1,0,0
971,WHITLEY BAY,NE25,0,1,0
971,WHITSTABLE,CT5,3,3,1
971,WICKFORD,SS11,1,0,0
971,WIGAN,WN6,0,1,0
971,WINCANTON,BA9,1,0,1
971,WITNEY,OX29,1,0,0
971,WOKING,GU21,0,1,0
971,WOKINGHAM,RG41,1,0,0
971,WOLVERHAMPTON,WV10,0,0,1
971,WOLVERHAMPTON,WV13,0,1,0
971,WOLVERHAMPTON,WV14,1,0,0
971,WOLVERHAMPTON,WV2,1,1,1
971,WOODBRIDGE,IP13,1,0,0
971,WOODFORD BRIDGE,IG8,1,0,0
971,WORCESTER,WR1,0,1,0
971,WORCESTER,WR3,0,1,0
971,WORCESTER,WR5,1,0,0
971,WORCESTER,WR8,1,0,0
971,WORKSOP,S80,0,2,0
971,WORKSOP,S81,1,0,0
971,WORTHING,BN14,2,2,0
971,WOTTON UNDER EDGE,GL12,0,1,0
971,WREXHAM,LL12,0,2,0
971,WREXHAM,LL14,1,0,0
971,WYMONDHAM,NR18,0,0,1
971,YEOVIL,BA20,2,0,0
971,YORK,YO19,0,0,1
971,YORK,YO51,0,0,1
971,YORK,YO62,1,0,0
,,,,,
,Total by year,,464,550,223
,,,,,
,Total to date,1237,,,
